"Timestamp","GENDER","AGE RANGE","FACULTY","LEVEL","How often do you exercise ","Knowledge and awareness on psychological benefits of exercise [Engaging in regular exercise enhances my ability to concentrate and focus]","Knowledge and awareness on psychological benefits of exercise [Engaging in regular exercise can be an effective way to manage symptoms of depression]","Knowledge and awareness on psychological benefits of exercise [Exercise is an effective way to boost self esteem and confidence]","Exercise Frequency  [I am proud of the amount of exercise I do]","Exercise Frequency  [I feel more confident and self assured when I engage in regular physical activity]","Exercise Frequency  [I believe that maintaining a consistent exercise frequency is essential for my psychological wellbeing]","Exercise duration [Engaging in exercise sessions lasting less than 10 minutes positively affects my psychological wellbeing]","Exercise duration [I feel more psychologically refreshed after exercising for 30 minutes or longer]","Exercise duration [The longer I exercise (over 60 minutes), the more beneficial it is for my overall psychological wellbeing]","Exercise Intensity  [I feel more relaxed after engaging in high-intensity exercise]","Exercise Intensity  [High intensity exercise contributes to better sleep quality for me]","Exercise Intensity  [I find that vigorous exercise boosts my overall sense of well-being]","Stress [Regular exercise helps me manage and reduce my stress levels]","Stress [Exercise helps to reduce the tension in me]","Stress [Exercise is an effective way for me to relax and unwind]","Stress [I personally feel that exercise is the best thing for me]","Mood [I experience an improved mood after engaging in exercise]","Mood [I feel happier and more relaxed after engaging in regular exercise]","Mood [I experience an increase in energy and motivation through regular exercise]"
"2023/09/23 9:08:07 am CET","Male","21-25","Education","100","Once or twice a month","More True","True","More True","True","More True","More True","False","True","More True","More True","More True","More True","More True","More True","More True","More True","More True","More True","More True"
"2023/09/23 9:08:46 am CET","Male","21-25","Education","200","Once a week","More True","True","More True","More True","More True","More True","More True","More True","More True","More True","More True","More True","More True","More True","More True","More True","More True","More True","More True"
"2023/09/23 9:09:17 am CET","Male","21-25","Education","300","Several times a week","More True","More True","More True","More True","More True","More True","More True","More True","More True","More True","More True","More True","More True","More True","More True","More True","More True","More True","More True"
"2023/09/23 9:09:50 am CET","Male","21-25","Education","400","Hardly ever","More True","More True","More True","More True","More True","More True","More True","More True","More True","More True","More True","More True","More True","More True","More True","More True","More True","More True","More True"
"2023/09/23 9:12:19 am CET","Male","21-25","Education","100","Several times a week","More True","True","More True","More True","More True","True","True","True","True","True","True","True","More True","More True","More True","More True","More True","More True","More True"
"2023/09/23 9:13:05 am CET","Male","21-25","Education","200","Hardly ever","True","True","True","False","True","True","True","True","True","True","True","True","True","True","True","True","True","True","True"
"2023/09/23 9:15:44 am CET","Male","21-25","Education","300","Once or twice a month","More True","More True","More True","True","More True","More True","True","More True","More True","More True","More True","More True","More True","More True","More True","More True","More True","More True","More True"
"2023/09/23 9:16:43 am CET","Male","21-25","Education","400","Hardly ever","True","True","True","False","True","True","True","True","True","More True","More True","More True","More True","More True","More True","More True","More True","More True","More True"
"2023/09/23 9:17:24 am CET","Male","21-25","Education","100","Once or twice a month","More True","More True","More True","More False","More True","More True","More True","More True","More True","More True","More True","More True","More True","More True","More True","More True","More True","More True","More True"
"2023/09/23 9:19:12 am CET","Male","21-25","Education","200","Several times a week","More True","More True","More True","More True","More True","More True","False","More True","More True","More True","More True","More True","More True","More True","More True","More True","More True","More True","More True"
"2023/09/24 6:27:50 am CET","Female","21-25","Education","100","Once or twice a month","More True","More True","More True","True","More True","True","True","True","True","True","More True","More True","More True","More True","More True","True","More True","More True","More True"
"2023/09/24 6:28:58 am CET","Female","16-20","Education","200","Once or twice a month","True","True","True","True","True","True","True","True","True","True","True","True","True","True","True","True","True","True","True"
"2023/09/24 6:35:21 am CET","Female","21-25","Education","300","Once a week","More True","True","More True","More True","More True","More True","More True","More True","More True","True","True","More True","More True","More True","More True","More True","More True","More True","More True"
"2023/09/24 6:47:20 am CET","Female","21-25","Education","400","Hardly ever","True","True","True","More False","True","True","True","True","True","True","True","True","True","True","True","True","True","True","True"
"2023/09/24 6:48:08 am CET","Female","16-20","Education","100","Hardly ever","More True","More True","More True","More True","More True","More True","More True","More True","More True","More True","More True","More True","More True","More True","More True","More True","More True","More True","More True"
"2023/09/24 6:53:16 am CET","Female","21-25","Education","200","Once or twice a month","More True","More True","More True","More True","More True","More True","More True","More True","More True","More True","More True","More True","More True","More True","More True","More True","More True","More True","More True"
"2023/09/24 6:53:55 am CET","Female","21-25","Education","300","Once or twice a month","More True","True","More True","True","More True","True","More True","True","More True","True","More True","True","More True","True","More True","True","More True","True","More True"
"2023/09/24 6:54:37 am CET","Female","21-25","Education","400","Once or twice a month","More True","True","True","True","True","More True","More True","More True","More True","More True","More True","More True","More True","More True","More True","More True","More True","More True","More True"
"2023/09/24 6:56:11 am CET","Female","21-25","Education","100","Once or twice a month","More True","More True","More True","More True","More True","More True","More True","More True","More True","More True","More True","More True","More True","More True","More True","More True","More True","More True","More True"
"2023/09/24 6:56:39 am CET","Female","21-25","Education","200","Once a week","More True","More True","More True","More True","More True","More True","More True","More True","More True","More True","More True","More True","More True","More True","More True","More True","More True","More True","More True"
"2023/09/24 3:57:32 pm CET","Male","26-30","Education","300","Once or twice a month","More True","More True","More True","More True","More True","More True","More True","More True","More True","More True","More True","More True","More True","More True","More True","More True","More True","More True","More True"
"2023/09/24 3:58:21 pm CET","Male","21-25","Education","200","Once a week","More True","More True","More True","More True","More True","More True","More True","More True","More True","More True","More True","More True","More True","More True","More True","More True","More True","More True","More True"
"2023/09/24 4:01:50 pm CET","Female","26-30","Education","400","Hardly ever","More True","True","More True","True","More True","True","More True","True","More True","True","More True","True","More True","True","More True","True","More True","True","More True"
"2023/09/24 4:02:48 pm CET","Male","16-20","Education","200","Several times a week","More True","More True","More True","More True","More True","More True","More True","More True","More True","More True","More True","More True","More True","More True","More True","More True","More True","More True","More True"
"2023/09/24 4:04:04 pm CET","Male","21-25","Education","400","Several times a week","More True","True","More True","More True","More True","True","False","True","More True","More True","More True","More True","More True","More True","More True","More True","More True","More True","More True"
"2023/09/24 4:07:50 pm CET","Male","21-25","Education","300","Once or twice a month","True","True","True","True","True","More True","False","True","More True","More True","True","More True","True","More True","More True","More True","More True","More True","More True"
"2023/09/24 4:12:27 pm CET","Female","26-30","Education","400","Hardly ever","True","More True","True","More False","True","True","More True","More True","More True","More True","More True","More True","More True","More True","More True","More True","More True","More True","More True"
"2023/09/24 4:17:03 pm CET","Male","26-30","Education","400","Once or twice a month","More True","True","More True","True","More True","False","False","More True","More True","More True","More True","More True","More True","More True","More True","More True","More True","More True","More True"
"2023/09/24 4:26:15 pm CET","Male","21-25","Education","100","Once or twice a month","More True","More True","More True","More True","More True","More True","True","More True","More True","More True","True","More True","More True","More True","True","True","More True","True","True"
"2023/09/24 4:27:37 pm CET","Female","16-20","Education","100","Once or twice a month","More True","More True","More True","More True","More True","More True","More True","More True","More True","More True","More True","More True","More True","More True","More True","More True","More True","More True","More True"
"2023/09/24 4:30:42 pm CET","Female","21-25","Education","200","Once a week","More True","More True","More True","More True","More True","More True","More True","More True","More True","More True","More True","More True","More True","More True","More True","More True","More True","More True","More True"
"2023/09/24 5:01:48 pm CET","Male","21-25","Education","200","Once or twice a month","More True","More True","More True","More True","More True","More True","More True","More True","More True","More True","More True","More True","More True","More True","More True","More True","More True","More True","More True"
"2023/09/24 5:03:25 pm CET","Female","21-25","Education","200","Once a week","More True","More True","More True","More True","More True","More True","More True","More True","More True","More True","More True","More True","More True","More True","More True","More True","More True","More True","More True"
"2023/09/24 5:04:59 pm CET","Male","16-20","Education","100","Hardly ever","More True","True","More True","True","More True","True","More True","True","More True","True","More True","True","More True","True","More True","True","More True","True","More True"
"2023/09/24 5:06:39 pm CET","Female","21-25","Education","300","Once or twice a month","More True","True","More True","False","More True","True","False","More True","True","More True","True","More True","True","More True","True","More True","More True","True","More True"
"2023/09/24 5:07:20 pm CET","Male","21-25","Education","400","Several times a week","More True","More True","More True","More True","More True","More True","More True","More True","More True","More True","More True","More True","More True","More True","More True","More True","More True","More True","More True"
"2023/09/24 5:08:04 pm CET","Male","21-25","Education","400","Once a week","More True","More True","More True","More True","More True","More True","More True","More True","More True","More True","More True","More True","More True","More True","More True","More True","More True","More True","More True"
"2023/09/24 7:08:58 pm CET","Male","21-25","Engineering","300","Once a week","True","More True","True","True","True","More True","More True","True","More True","True","True","True","More True","True","More True","True","True","More True","True"
"2023/09/24 7:10:18 pm CET","Female","16-20","Management Science","200","Once or twice a month","True","True","True","True","True","True","True","True","True","True","True","True","True","True","More True","More True","More True","True","True"
"2023/09/24 7:11:53 pm CET","Male","26-30","Education","200","Once a week","More True","True","True","True","True","True","False","True","False","More True","True","True","True","True","True","More False","False","True","True"
"2023/09/24 7:12:43 pm CET","Male","26-30","Education","400","Once or twice a month","True","False","True","True","True","True","True","False","True","True","True","True","True","True","False","True","True","More False","True"
"2023/09/24 8:59:46 pm CET","Male","16-20","Education","200","Once or twice a month","More True","More False","More True","More False","True","More False","More True","More True","More False","More True","More False","More True","True","More True","True","More True","More True","True","More True"
"2023/09/24 9:00:36 pm CET","Female","21-25","Education","300","Once a week","More True","True","More True","More True","More False","True","True","True","More True","More True","True","True","More True","More True","True","More True","More True","True","More True"
"2023/09/24 9:01:20 pm CET","Male","21-25","Education","100","Once or twice a month","More True","True","More True","More True","More True","True","More True","True","True","More True","True","More True","True","True","More True","More True","More True","True","More True"
"2023/09/24 9:02:07 pm CET","Female","16-20","Education","200","Once a week","More True","True","True","More True","True","More True","More True","More True","True","True","More True","More True","More True","True","More True","More True","More True","True","More True"
"2023/09/24 9:02:49 pm CET","Female","21-25","Education","400","Several times a week","True","More True","More True","True","More True","More True","True","True","More True","True","More True","True","More True","True","More True","More True","True","True","More True"
"2023/09/25 6:41:48 am CET","Male","21-25","Education","100","Hardly ever","More True","More True","More True","True","More True","More True","More True","True","More True","More True","True","More True","More True","True","More True","True","More True","True","More True"
"2023/09/25 6:42:25 am CET","Male","21-25","Education","400","Several times a week","More True","More True","More True","More True","More True","More True","More True","More True","More True","More True","More True","More True","More True","More True","More True","More True","More True","More True","More True"
"2023/09/25 6:46:27 am CET","Female","26-30","Education","400","Hardly ever","False","More True","More True","False","More True","False","More True","True","False","False","False","False","False","False","False","False","True","True","True"
"2023/09/25 6:47:03 am CET","Female","21-25","Education","100","Several times a week","More True","More True","More True","More True","More True","More True","More True","More True","More True","More True","More True","More True","More True","More True","More True","More True","More True","More True","More True"
"2023/09/25 6:55:27 am CET","Male","21-25","Education","300","Once or twice a month","More True","More True","More True","More True","More True","More True","More True","More True","More True","More True","More True","More True","More True","More True","More True","More True","More True","More True","More True"
"2023/09/25 7:02:03 am CET","Male","21-25","Education","300","Once or twice a month","More True","More True","More True","More True","More True","More True","False","More True","More True","More True","More True","More True","More True","More True","More True","More True","More True","More True","More True"
"2023/09/25 7:04:46 am CET","Male","21-25","Education","200","Once a week","More True","More True","More True","More True","More True","More True","More True","More True","More True","More True","More True","More True","More True","More True","More True","More True","More True","More True","More True"
"2023/09/25 7:08:24 am CET","Male","21-25","Education","200","Several times a week","True","True","True","True","True","True","True","True","True","True","True","True","True","True","True","True","True","True","True"
"2023/09/25 7:32:56 am CET","Female","21-25","Education","200","Once or twice a month","More True","More True","More True","More True","More True","More True","More True","More True","More True","More True","More True","More True","More True","More True","More True","More True","More True","More True","More True"
"2023/09/25 7:35:06 am CET","Male","26-30","Education","200","Once or twice a month","More True","More True","More True","More True","More True","More True","False","More True","More True","More True","More True","More True","More True","More True","More True","More True","More True","More True","More True"
"2023/09/25 7:37:49 am CET","Male","26-30","Education","300","Once or twice a month","More True","More True","More True","More True","More True","More True","False","More True","More True","More True","More True","More True","More True","More True","More True","More True","More True","More True","More True"
"2023/09/25 7:38:25 am CET","Female","21-25","Education","200","Once or twice a month","More True","More True","More True","More True","More True","More True","More True","More True","More True","More True","More True","More True","More True","More True","More True","More True","More True","More True","More True"
"2023/09/25 7:43:24 am CET","Male","21-25","Education","100","Several times a week","More True","More True","More True","More True","More True","More True","More True","More True","More True","More True","More True","More True","More True","More True","More True","More True","More True","More True","More True"
"2023/09/25 8:14:35 am CET","Male","21-25","Education","200","Several times a week","More True","More True","More True","More True","More True","More True","More False","More True","More True","More True","More True","More True","More True","More True","More True","More True","More True","More True","More True"
"2023/09/25 8:15:04 am CET","Female","16-20","Education","100","Hardly ever","More True","More True","More True","More True","More True","More True","More True","More True","More True","More True","More True","More True","More True","More True","More True","More True","More True","More True","More True"
"2023/09/25 8:15:42 am CET","Male","21-25","Education","300","Once or twice a month","More True","True","More False","False","More False","True","More True","True","More False","False","More False","True","More True","True","More False","False","More False","True","More True"
"2023/09/25 8:16:13 am CET","Male","26-30","Education","300","Once a week","More True","True","More False","False","More False","True","More True","True","More False","False","More False","True","More True","True","More False","False","More False","True","More True"
"2023/09/25 8:16:47 am CET","Female","21-25","Education","400","Several times a week","More True","More True","More True","More True","More True","More True","More True","More True","More True","More True","More True","More True","More True","More True","More True","More True","More True","More True","More True"
"2023/09/25 8:17:33 am CET","Male","21-25","Education","300","Hardly ever","More True","More True","More True","More True","More True","More True","More True","More True","More True","More True","More True","More True","More True","More True","More True","More True","More True","More True","More True"
"2023/09/25 8:18:05 am CET","Male","26-30","Education","100","Once or twice a month","More True","More True","More True","More True","More True","More True","More True","More True","More True","More True","More True","More True","More True","More True","More True","More True","More True","More True","More True"
"2023/09/25 8:19:05 am CET","Female","21-25","Education","200","Once or twice a month","More True","True","More True","True","More True","True","More True","True","More True","More True","True","More True","True","More True","True","More True","More True","True","More True"
"2023/09/25 8:19:37 am CET","Female","30 years and above","Education","400","Hardly ever","True","True","True","True","True","True","True","True","True","True","True","True","True","True","True","True","True","True","True"
"2023/09/25 8:20:06 am CET","Female","30 years and above","Education","400","Hardly ever","More True","True","More True","True","More True","More True","True","True","More True","More True","True","More True","More True","True","More True","More True","More True","More True","More True"
"2023/09/25 8:20:34 am CET","Male","21-25","Education","100","Once or twice a month","More True","More True","More True","More True","More True","More True","More True","More True","More True","More True","More True","More True","More True","More True","More True","More True","More True","More True","More True"
"2023/09/25 10:36:44 am CET","Male","21-25","Education","300","Once a week","More True","True","More True","More True","True","More True","More True","More True","More True","More True","More True","More True","More True","More True","More True","More True","More True","More True","More True"
"2023/09/25 10:37:15 am CET","Male","21-25","Education","100","Once or twice a month","More True","More True","More True","More True","More True","More True","More True","More True","More True","More True","More True","More True","More True","More True","More True","More True","More True","More True","More True"
"2023/09/25 10:37:44 am CET","Male","21-25","Education","400","Once a week","More True","More True","More True","True","More True","More True","More True","More True","More True","More True","More True","More True","More True","More True","More True","More True","More True","More True","More True"
"2023/09/25 10:38:32 am CET","Male","21-25","Education","100","Once or twice a month","More True","More True","More True","True","More True","More True","More True","More True","More True","More True","More True","More True","More True","More True","More True","More True","More True","More True","More True"
"2023/09/25 10:39:01 am CET","Male","21-25","Education","100","Once or twice a month","More True","True","More True","True","More True","True","More True","True","More True","True","More True","True","More True","True","More True","True","More True","True","More True"
"2023/09/25 10:39:36 am CET","Female","16-20","Education","100","Several times a week","More True","More True","More True","More True","More True","More True","More True","More True","More True","More True","More True","More True","More True","More True","More True","More True","More True","More True","More True"
"2023/09/25 10:41:09 am CET","Female","30 years and above","Education","300","Hardly ever","More True","More True","More True","More True","More True","More True","More True","More True","More True","More True","More True","More True","More True","More True","More True","More True","More True","More True","More True"
"2023/09/25 10:41:44 am CET","Female","21-25","Education","200","Once or twice a month","More True","True","More True","True","True","More True","True","True","More True","True","True","More True","More True","True","More True","More True","More True","True","More True"
"2023/09/25 10:42:18 am CET","Female","21-25","Education","300","Once a week","More True","More True","More True","More True","More True","More True","More True","More True","More True","More True","More True","More True","More True","More True","More True","More True","More True","More True","More True"
"2023/09/25 10:42:52 am CET","Female","21-25","Education","300","Once or twice a month","More True","More True","More True","False","More True","True","False","More True","More True","More True","More True","More True","More True","More True","More True","More True","More True","More True","More True"
"2023/09/25 10:44:34 am CET","Male","21-25","Education","200","Once or twice a month","More True","True","More True","True","More True","True","More True","True","More True","True","More True","True","More True","More True","More True","More True","More True","More True","More True"
"2023/09/25 10:45:16 am CET","Female","21-25","Education","300","Once or twice a month","More True","More True","More True","More True","More True","More True","False","More True","More True","More True","More True","More True","More True","More True","More True","More True","More True","More True","More True"
"2023/09/25 10:46:54 am CET","Male","21-25","Education","200","Once or twice a month","More True","True","More True","True","More True","More True","More True","More True","More True","More True","More True","More True","More True","More True","More True","More True","More True","More True","More True"
"2023/09/25 10:48:27 am CET","Male","26-30","Education","400","Once or twice a month","More True","More True","More True","More True","More True","More True","More True","More True","More True","More True","More True","More True","More True","More True","More True","More True","More True","More True","More True"
"2023/09/25 12:48:06 pm CET","Male","21-25","Education","200","Once or twice a month","True","True","True","True","True","True","True","True","True","True","True","True","True","True","True","True","True","True","True"
"2023/09/25 12:49:22 pm CET","Female","21-25","Education","200","Once or twice a month","True","True","True","True","True","True","True","True","True","True","True","True","True","True","True","True","True","True","True"
"2023/09/25 12:50:11 pm CET","Female","21-25","Education","200","Once or twice a month","False","True","True","False","True","False","True","True","False","True","False","More True","More True","True","False","True","More True","True","More True"
"2023/09/25 12:50:50 pm CET","Male","21-25","Education","200","Once a week","More True","True","More True","True","True","More True","True","More True","True","More True","True","More True","True","More True","True","True","More True","True","More True"
"2023/09/25 12:51:33 pm CET","Female","21-25","Education","200","Once or twice a month","True","More True","True","More True","True","More True","True","False","True","More True","True","More True","More True","True","True","More True","True","More True","True"
"2023/09/25 2:43:56 pm CET","Male","21-25","Education","300","Once or twice a month","More True","More True","More True","More True","More True","More True","More True","More True","More True","More True","More True","More True","More True","More True","More True","More True","More True","More True","More True"
"2023/09/25 2:44:33 pm CET","Female","26-30","Education","400","Once or twice a month","More True","True","More True","More True","True","More True","More True","True","More True","More True","True","More True","More True","True","More True","True","More True","True","More True"
"2023/09/25 2:46:02 pm CET","Male","21-25","Education","300","Once or twice a month","More True","More True","More True","False","More True","More True","More False","More True","More True","More True","More True","More True","More True","More True","More True","More True","More True","More True","More True"
"2023/09/25 2:47:35 pm CET","Male","16-20","Education","200","Once or twice a month","More True","More True","More True","More True","More True","More True","More True","More True","More True","More True","More True","More True","More True","More True","More True","More True","More True","More True","More True"
"2023/09/25 2:48:03 pm CET","Male","21-25","Education","200","Once or twice a month","More True","True","More True","More True","More True","More True","More True","More True","More True","More True","More True","More True","More True","More True","More True","More True","More True","More True","More True"
"2023/09/25 2:49:03 pm CET","Male","21-25","Education","200","Several times a week","More True","More True","More True","More True","More True","More True","More True","More True","More True","More True","More True","More True","More True","More True","More True","More True","More True","More True","More True"
"2023/09/25 2:49:46 pm CET","Male","26-30","Education","400","Hardly ever","More True","More True","More True","More True","More True","More True","More True","More True","More True","More True","More True","More True","More True","More True","More True","More True","More True","More True","More True"
"2023/09/25 2:52:23 pm CET","Male","21-25","Education","200","Several times a week","More True","More True","More True","More True","More True","More True","More True","More True","More True","More True","More True","More True","More True","More True","More True","More True","More True","More True","More True"
"2023/09/25 2:55:33 pm CET","Male","21-25","Education","100","Several times a week","More True","More True","More True","More True","More True","More True","More True","More True","More True","More True","More True","More True","More True","More True","More True","More True","More True","More True","More True"
"2023/09/25 2:57:41 pm CET","Male","21-25","Education","200","Once or twice a month","More True","More True","More True","More True","More True","More True","More True","More True","More True","More True","More True","More True","More True","More True","More True","More True","More True","More True","More True"
"2023/09/26 6:41:26 am CET","Female","21-25","Education","100","Once or twice a month","More True","More True","More True","More True","More True","More True","False","More True","More True","More True","More True","More True","More True","More True","More True","More True","More True","More True","More True"
"2023/09/26 6:41:57 am CET","Female","21-25","Education","300","Once or twice a month","More True","More True","More True","More True","More True","More True","More True","More True","More True","More True","More True","More True","More True","More True","More True","More True","More True","More True","More True"
"2023/09/26 6:43:41 am CET","Female","21-25","Education","400","Several times a week","More True","More True","More True","More True","More True","More True","More True","More True","More True","More True","More True","More True","More True","More True","More True","More True","More True","More True","More True"
"2023/09/26 6:47:04 am CET","Male","21-25","Education","200","Once or twice a month","More True","More True","More True","More True","More True","More True","More True","More True","More True","More True","More True","More True","More True","More True","More True","More True","More True","More True","More True"
"2023/09/26 6:48:14 am CET","Male","26-30","Education","400","Hardly ever","More True","More True","More True","More True","More True","More True","More False","More True","More True","More True","More True","More True","More True","More True","More True","More True","More True","More True","More True"
"2023/09/26 6:49:28 am CET","Male","21-25","Education","200","Once a week","More True","More True","More True","More True","More True","More True","More True","More True","More True","More True","More True","More True","More True","More True","More True","More True","More True","More True","More True"
"2023/09/26 6:53:40 am CET","Male","16-20","Education","100","Hardly ever","More True","More True","More True","More True","More True","More True","More True","More True","More True","More True","More True","More True","More True","More True","More True","More True","More True","More True","More True"
"2023/09/26 6:54:08 am CET","Female","21-25","Education","300","Several times a week","True","True","True","True","True","True","True","True","True","True","True","True","True","True","True","True","True","True","True"
"2023/09/26 6:54:59 am CET","Male","21-25","Education","200","Several times a week","More True","True","More True","True","More True","True","More True","True","More True","True","More True","True","More True","True","More True","True","More True","True","More True"
"2023/09/26 7:06:44 am CET","Male","21-25","Education","300","Several times a week","More True","More True","More True","More True","More True","More True","More True","More True","More True","More True","More True","More True","More True","More True","More True","More True","More True","More True","More True"
"2023/09/26 9:10:31 am CET","Male","21-25","Education","100","Several times a week","More True","True","More True","More True","True","More True","True","More True","True","True","More True","True","More True","True","More True","True","More True","True","More True"
"2023/09/26 9:11:21 am CET","Female","26-30","Education","400","Once a week","More True","More True","More True","More True","More True","More True","More True","More True","More True","More True","More True","More True","More True","More True","More True","More True","More True","More True","More True"
"2023/09/26 9:11:48 am CET","Female","21-25","Education","200","Once a week","More True","More True","More True","More True","More True","More True","More False","More True","More True","More True","More True","More True","More True","More True","More True","More True","More True","More True","More True"
"2023/09/26 9:12:18 am CET","Female","21-25","Education","200","Several times a week","More True","More True","More True","More True","More True","More True","False","More True","More True","More True","More True","More True","More True","More True","More True","More True","More True","More True","More True"
"2023/09/26 9:14:31 am CET","Female","26-30","Education","300","Once or twice a month","More True","More True","More True","More True","More True","More True","More False","More True","More True","More True","More True","More True","More True","More True","More True","More True","More True","More True","More True"
"2023/09/26 9:15:02 am CET","Female","21-25","Education","200","Once or twice a month","More True","More True","More True","More True","More True","More True","More True","More True","More True","More True","More True","More True","More True","More True","More True","More True","More True","More True","More True"
"2023/09/26 9:15:31 am CET","Female","21-25","Education","300","Hardly ever","True","True","True","True","True","True","True","True","True","True","True","True","True","True","True","True","True","True","True"
"2023/09/26 9:16:08 am CET","Male","21-25","Education","300","Once or twice a month","True","More True","True","More True","True","More True","True","More True","True","More True","True","More True","True","More True","True","True","More True","True","True"
"2023/09/26 9:16:42 am CET","Male","21-25","Education","300","Several times a week","More True","True","More True","More True","More True","True","More True","More True","True","More True","True","More True","More True","True","True","More True","More True","True","More True"
"2023/09/26 9:17:11 am CET","Female","30 years and above","Education","400","Once or twice a month","More True","True","More True","More True","More True","More True","More True","More True","More True","More True","More True","More True","More True","More True","More True","More True","More True","More True","More True"
"2023/09/26 9:17:41 am CET","Female","21-25","Education","300","Once or twice a month","More True","True","True","True","True","More True","True","True","True","More True","True","More True","More True","True","True","More True","More True","True","More True"
"2023/09/26 9:18:11 am CET","Female","21-25","Education","200","Hardly ever","More True","True","More True","True","More True","True","More True","True","More True","More True","True","More True","More True","True","More True","True","More True","True","More True"
"2023/09/26 9:18:36 am CET","Male","21-25","Education","400","Several times a week","More True","More True","More True","More True","More True","More True","More True","More True","More True","More True","More True","More True","More True","More True","More True","More True","More True","More True","More True"
"2023/09/26 9:19:01 am CET","Male","21-25","Education","300","Several times a week","More True","More True","More True","More True","More True","More True","More True","More True","More True","More True","More True","More True","More True","More True","More True","More True","More True","More True","More True"
"2023/09/26 9:19:27 am CET","Male","26-30","Education","300","Hardly ever","More True","True","True","True","True","True","True","True","True","True","True","True","True","True","True","True","True","True","True"
"2023/09/26 9:19:56 am CET","Male","26-30","Education","400","Once or twice a month","More True","True","More True","True","True","More True","More True","True","True","More True","More True","More True","True","True","True","True","More True","More True","More True"
"2023/09/26 9:20:26 am CET","Male","26-30","Education","100","Once or twice a month","More True","True","More True","True","More True","True","More True","More True","More True","","More True","More True","More True","More True","More True","More True","More True","More True","More True"
"2023/09/26 9:20:52 am CET","Male","21-25","Education","300","Several times a week","More True","More True","More True","More True","More True","More True","More True","More True","More True","More True","More True","More True","More True","More True","More True","More True","More True","More True","More True"
"2023/09/26 9:21:20 am CET","Male","21-25","Education","300","Once or twice a month","More True","More True","More True","More True","More True","More True","More True","More True","More True","More True","More True","More True","More True","More True","More True","More True","More True","More True","More True"
"2023/09/26 9:21:47 am CET","Female","21-25","Education","400","Once or twice a month","More True","More True","True","More True","True","More True","More True","More True","More True","More True","More True","More True","More True","More True","More True","More True","More True","More True","More True"
"2023/09/26 9:23:04 am CET","Male","21-25","Education","300","Several times a week","More True","More True","More True","More True","More True","More True","More True","More True","More True","More True","More True","More True","More True","More True","More True","More True","More True","More True","More True"
"2023/09/26 9:24:00 am CET","Male","21-25","Education","300","Once or twice a month","More True","More True","More True","More True","More True","More True","More True","More True","More True","More True","More True","More True","More True","More True","More True","More True","More True","More True","More True"
"2023/09/26 9:24:56 am CET","Male","21-25","Education","300","Several times a week","More True","More True","More True","More True","More True","More True","More False","More True","More True","More True","More True","More True","More True","More True","More True","More True","More True","More True","More True"
"2023/09/26 9:25:25 am CET","Male","21-25","Education","300","Several times a week","More True","True","More True","More True","True","More True","True","More True","More True","True","More True","True","More True","More True","More True","More True","More True","More True","More True"
"2023/09/26 9:26:02 am CET","Male","21-25","Education","300","Once or twice a month","More True","More True","More True","More True","More True","More True","More False","More True","More True","More True","More True","More True","More True","More True","More True","More True","More True","More True","More True"
"2023/09/26 9:26:41 am CET","Male","26-30","Education","200","Several times a week","More True","More True","More True","More True","More True","More True","More False","More True","More True","More True","More True","More True","More True","More True","More True","More True","More True","More True","More True"
"2023/09/26 9:28:15 am CET","Male","21-25","Education","300","Once or twice a month","More True","More True","More True","More True","More True","More True","More True","More True","More True","More True","More True","More True","More True","More True","More True","More True","More True","More True","More True"
"2023/09/26 9:28:43 am CET","Female","21-25","Education","300","Several times a week","More True","More True","More True","More True","More True","More True","More False","More True","More True","More True","More True","More True","More True","More True","More True","More True","More True","More True","More True"
"2023/09/26 9:29:14 am CET","Male","21-25","Education","300","Once or twice a month","True","True","True","True","True","True","True","True","True","True","True","True","True","True","True","True","True","True","True"
"2023/09/26 9:29:45 am CET","Female","21-25","Education","300","Once or twice a month","More True","More True","More True","More True","More True","More True","True","More True","More True","More True","More True","More True","More True","More True","More True","More True","More True","More True","More True"
"2023/09/26 9:30:49 am CET","Male","21-25","Education","300","Several times a week","More True","More True","More True","More True","More True","More True","More True","More True","More True","More True","More True","More True","More True","More True","More True","More True","More True","More True","More True"
"2023/09/26 9:31:58 am CET","Male","26-30","Education","400","Several times a week","More True","More True","More True","More True","More True","More True","More True","More True","More True","More True","More True","More True","More True","More True","More True","More True","More True","More True","More True"
"2023/09/26 9:33:31 am CET","Female","21-25","Education","200","Several times a week","More True","More True","More True","More True","More True","More True","More True","More True","More True","More True","More True","More True","More True","More True","More True","More True","More True","More True","More True"
"2023/09/26 9:33:59 am CET","Female","21-25","Education","300","Several times a week","True","True","True","True","True","True","True","True","True","True","True","True","True","True","True","True","True","True","True"
"2023/09/26 9:34:26 am CET","Female","21-25","Education","200","Once or twice a month","More True","More True","More True","More True","More True","More True","More True","More True","More True","More True","More True","More True","More True","More True","More True","More True","More True","More True","More True"
"2023/09/26 9:35:01 am CET","Female","21-25","Education","400","Once a week","More True","More True","More True","More True","More True","More True","More False","More True","More True","More True","More True","More True","More True","More True","More True","More True","More True","More True","More True"
"2023/09/26 9:35:32 am CET","Male","26-30","Education","300","Once or twice a month","More True","More True","More True","More True","More True","More True","More True","More True","More True","More True","More True","More True","More True","More True","More True","More True","More True","More True","More True"
"2023/09/26 9:36:01 am CET","Female","30 years and above","Education","400","Hardly ever","More False","More False","More False","More False","More False","More False","More False","More False","More False","More False","More False","More False","More False","More False","More False","More False","More False","More False","More False"
"2023/09/26 9:37:03 am CET","Female","21-25","Education","200","Several times a week","More True","More True","More True","More True","More True","More True","More True","More True","More True","More True","More True","More True","More True","More True","More True","More True","More True","More True","More True"
"2023/09/26 9:37:32 am CET","Female","30 years and above","Education","400","Once or twice a month","More True","More True","More True","More True","More True","More True","More True","More True","More True","More True","More True","More True","More True","More True","More True","More True","More True","More True","More True"
"2023/09/26 9:38:14 am CET","Male","21-25","Education","200","Once a week","True","True","True","True","True","True","True","True","True","True","True","True","True","True","True","True","True","True","True"
"2023/09/26 9:38:44 am CET","Female","16-20","Education","100","Several times a week","More True","More True","More True","More True","More True","More True","More True","More True","More True","More True","More True","More True","More True","More True","More True","More True","More True","More True","More True"
"2023/09/26 10:31:35 am CET","Male","21-25","Engineering","400","Once a week","More True","True","More False","More True","More True","More False","True","True","More True","More True","True","More True","True","More True","More True","True","More True","More True","True"
"2023/09/26 10:32:10 am CET","Female","16-20","Engineering","200","Once or twice a month","True","More True","More True","More True","True","True","More True","More True","True","More True","True","More True","More True","True","True","True","More True","More True","True"
"2023/09/26 10:32:41 am CET","Male","21-25","Engineering","300","Several times a week","More True","True","More True","More True","More True","True","True","More True","True","True","More True","More True","True","More True","True","More True","More True","True","More True"
"2023/09/26 10:33:10 am CET","Female","21-25","Engineering","300","Once or twice a month","True","More True","More True","More True","True","More True","True","More True","True","True","True","","More True","More True","True","More True","More True","True","More True"
"2023/09/26 10:33:53 am CET","Female","16-20","Engineering","100","Once or twice a month","More True","True","More True","More True","True","More True","True","More True","More True","More True","True","More True","More True","True","More True","More True","True","More True","More True"
"2023/09/26 10:34:34 am CET","Male","16-20","Engineering","200","Several times a week","More True","True","More True","True","True","More True","More True","More False","More True","False","More True","More False","More True","True","True","More True","False","True","More True"
"2023/09/26 10:35:32 am CET","Male","21-25","Engineering","500","Once a week","More True","True","More True","True","More True","False","More True","True","More True","True","True","More True","More True","True","More True","False","False","More True","True"
"2023/09/26 11:57:14 am CET","Male","21-25","Engineering","500","Once or twice a month","More True","More True","More True","More True","More True","More True","More True","More True","More True","More True","More True","More True","More True","More True","More True","More True","More True","More True","More True"
"2023/09/26 11:57:36 am CET","Male","21-25","Engineering","500","Once or twice a month","More True","More True","More True","More True","More True","More True","More True","More True","More True","More True","More True","More True","More True","More True","More True","More True","More True","More True","More True"
"2023/09/26 11:58:03 am CET","Male","26-30","Engineering","500","Hardly ever","More True","More True","More True","More True","More True","More True","More True","More True","More True","More True","More True","More True","More True","More True","More True","More True","More True","More True","More True"
"2023/09/26 11:58:31 am CET","Male","26-30","Engineering","500","Hardly ever","True","True","True","True","True","True","True","True","True","True","True","True","True","True","True","True","True","True","True"
"2023/09/26 11:58:56 am CET","Male","21-25","Engineering","500","Several times a week","True","True","True","True","True","True","True","True","True","True","True","True","True","True","True","True","True","True","True"
"2023/09/26 11:59:34 am CET","Male","21-25","Engineering","500","Several times a week","More True","More True","More True","More True","More True","More True","True","True","True","True","True","True","More True","True","More True","More True","True","True","More True"
"2023/09/26 12:00:18 pm CET","Male","21-25","Engineering","500","Once a week","More True","More True","More True","False","More True","More True","False","More True","More True","More True","More True","More True","More True","More True","More True","More True","More True","More True","More True"
"2023/09/26 12:01:01 pm CET","Male","21-25","Engineering","500","Once or twice a month","More True","More True","More True","More True","More True","More True","False","More True","More True","More True","More True","More True","More True","More True","More True","More True","More True","More True","More True"
"2023/09/26 12:01:31 pm CET","Male","26-30","Engineering","500","Once or twice a month","More True","More True","More True","More True","More True","More True","More True","More True","More True","More True","More True","More True","More True","More True","More True","More True","More True","More True","More True"
"2023/09/26 12:01:56 pm CET","Male","21-25","Engineering","500","Hardly ever","More True","True","More True","True","True","More True","True","True","More True","True","True","More True","More True","More True","More True","More True","More True","More True","More True"
"2023/09/26 12:02:50 pm CET","Male","21-25","Engineering","500","Once a week","True","More True","More True","More True","More True","More True","More True","More True","More True","More True","More True","More True","More True","More True","More True","More True","More True","More True","More True"
"2023/09/26 12:03:17 pm CET","Male","26-30","Engineering","500","Several times a week","More True","More True","More True","More True","More True","More True","More True","More True","More True","More True","More True","More True","More True","More True","More True","More True","More True","More True","More True"
"2023/09/26 12:03:44 pm CET","Male","21-25","Engineering","500","Several times a week","More True","More True","More True","More True","More True","More True","More True","More True","More True","More True","More True","More True","More True","More True","More True","More True","More True","More True","More True"
"2023/09/26 12:04:09 pm CET","Male","21-25","Engineering","500","Once or twice a month","More True","More True","True","True","More True","More True","True","True","More True","More True","True","True","More True","More True","True","True","More True","More True","True"
"2023/09/26 12:04:39 pm CET","Male","30 years and above","Engineering","500","Once or twice a month","More True","More True","More True","More True","More True","True","More True","More True","True","More True","More True","True","More True","More True","More True","More True","True","True","True"
"2023/09/26 12:05:09 pm CET","Male","21-25","Engineering","500","Once or twice a month","More True","More True","More True","More True","More True","More True","More True","More True","More True","More True","More True","More True","More True","More True","More True","More True","More True","More True","More True"
"2023/09/26 12:05:46 pm CET","Male","26-30","Engineering","500","Several times a week","More True","More True","More True","More True","More True","More True","More True","More True","More True","More True","More True","More True","More True","More True","More True","More True","More True","More True","More True"
"2023/09/26 12:06:29 pm CET","Male","26-30","Engineering","500","Several times a week","More True","More True","True","More True","More True","More True","More True","More True","More True","More True","More True","More True","True","More True","More True","More True","More True","True","True"
"2023/09/26 12:07:05 pm CET","Male","26-30","Engineering","500","Once or twice a month","More True","More True","More True","More True","More True","More True","More True","More True","More True","More True","More True","More True","More True","More True","More True","More True","More True","More True","More True"
"2023/09/26 12:07:29 pm CET","Male","26-30","Engineering","500","Several times a week","True","True","True","More True","True","True","More True","More True","More True","True","True","More True","True","More True","More True","More True","More True","More True","More True"
"2023/09/26 12:08:18 pm CET","Female","21-25","Engineering","400","Once or twice a month","More True","More True","More True","True","True","More True","True","More True","More True","More True","More True","More True","More True","More True","More True","True","More True","More True","True"
"2023/09/26 12:08:45 pm CET","Female","21-25","Engineering","400","Once a week","More True","More True","True","More True","More True","True","More True","True","True","More True","More True","True","More True","More True","More True","More True","More True","More True","More True"
"2023/09/26 12:09:10 pm CET","Female","21-25","Engineering","400","Once or twice a month","More True","More True","True","More True","More True","More True","More True","More True","More True","More True","More True","More True","More True","More True","More True","More True","More True","More True","More True"
"2023/09/26 12:09:33 pm CET","Female","26-30","Engineering","400","Once a week","More True","More True","More True","More True","More True","More True","More True","More True","More True","More True","More True","More True","More True","More True","More True","More True","More True","More True","More True"
"2023/09/26 12:10:02 pm CET","Female","26-30","Engineering","400","Several times a week","More True","More True","More True","More True","More True","More True","More True","More True","True","More True","True","More True","More True","True","True","More True","More True","True","More True"
"2023/09/26 12:10:26 pm CET","Female","21-25","Engineering","400","Once a week","More True","True","More True","More True","True","More True","More False","More True","More True","More True","More True","More True","More True","More True","More True","More True","More True","More True","More True"
"2023/09/26 12:11:37 pm CET","Female","21-25","Engineering","400","Once a week","More True","More True","More True","More True","More True","More True","More True","More True","More True","More True","More True","More True","More True","More True","More True","More True","More True","More True","More True"
"2023/09/26 12:12:04 pm CET","Female","21-25","Engineering","400","Once or twice a month","More True","True","More True","More True","True","More True","More True","True","More True","More True","True","More True","More True","True","More True","More True","True","More True","True"
"2023/09/26 12:12:33 pm CET","Female","21-25","Engineering","400","Once or twice a month","More True","More True","More True","More True","More True","More True","More True","More True","More True","More True","More True","More True","More True","More True","More True","More True","More True","More True","More True"
"2023/09/26 12:13:17 pm CET","Female","21-25","Engineering","400","Once or twice a month","More True","More True","More True","More True","More True","More True","More True","More True","More True","More True","More True","More True","More True","More True","More True","More True","More True","More True","More True"
"2023/09/26 12:13:42 pm CET","Female","26-30","Engineering","400","Several times a week","More True","More True","More True","More True","More True","More True","More True","More True","More True","More True","More True","More True","More True","More True","More True","More True","More True","More True","More True"
"2023/09/26 12:14:05 pm CET","Female","21-25","Engineering","400","Once a week","More True","More True","More True","More True","More True","More True","More True","More True","More True","More True","More True","More True","More True","More True","More True","More True","More True","More True","More True"
"2023/09/26 12:14:53 pm CET","Female","26-30","Engineering","400","Once or twice a month","More True","True","More True","More True","More True","More True","More True","More True","More True","More True","More True","More True","More True","More True","More True","More True","More True","More True","More True"
"2023/09/26 12:15:22 pm CET","Female","21-25","Engineering","400","Several times a week","More True","More True","More True","More True","More True","More True","More True","More True","More True","More True","More True","More True","More True","More True","More True","More True","More True","More True","More True"
"2023/09/26 12:16:02 pm CET","Male","21-25","Engineering","400","Hardly ever","False","False","False","False","False","False","False","False","False","False","False","False","False","False","False","False","False","False","False"
"2023/09/26 12:16:26 pm CET","Female","21-25","Engineering","400","Hardly ever","False","False","False","False","False","False","False","False","False","False","False","False","False","False","False","False","False","False","False"
"2023/09/26 12:16:51 pm CET","Female","21-25","Engineering","400","Hardly ever","False","False","False","False","False","False","False","False","False","False","False","False","False","False","False","False","False","False","False"
"2023/09/26 12:17:14 pm CET","Male","21-25","Engineering","400","Once or twice a month","More True","More True","More True","More True","More True","More True","More True","More True","More True","More True","More True","More True","More True","More True","More True","More True","More True","More True","More True"
"2023/09/26 12:17:50 pm CET","Male","21-25","Engineering","400","Several times a week","More True","More True","More True","More True","More True","More True","More True","More True","More True","More True","More True","More True","More True","More True","More True","More True","More True","More True","More True"
"2023/09/26 12:18:13 pm CET","Male","21-25","Engineering","400","Several times a week","More True","More True","More True","More True","More True","More True","More True","More True","More True","More True","More True","More True","More True","More True","More True","More True","More True","More True","More True"
"2023/09/26 1:44:28 pm CET","Female","21-25","Engineering","300","Once or twice a month","More True","More True","More True","More True","More True","More True","More True","More True","More True","More True","More True","More True","More True","More True","More True","More True","More True","More True","More True"
"2023/09/26 1:44:53 pm CET","Female","21-25","Engineering","300","Once or twice a month","More True","True","True","More True","More True","True","More True","More True","More True","More True","More True","More True","More True","More True","More True","More True","More True","More True","More True"
"2023/09/26 1:45:23 pm CET","Female","21-25","Engineering","300","Once or twice a month","True","True","True","True","True","True","True","True","True","True","True","True","True","True","True","True","True","True","True"
"2023/09/26 1:46:03 pm CET","Female","21-25","Engineering","300","Once or twice a month","More True","True","More True","More True","True","More True","More True","True","More True","More True","True","More True","More True","True","More True","True","More True","More True","More True"
"2023/09/26 1:46:36 pm CET","Female","21-25","Engineering","300","Several times a week","More False","More False","More False","More False","More False","More False","More False","More False","More False","More False","More False","More False","More False","More False","More False","More False","More False","More False","More False"
"2023/09/26 1:47:03 pm CET","Male","21-25","Engineering","300","Several times a week","More True","More True","More True","More True","More True","More True","More True","More True","More True","More True","More True","More True","More True","More True","More True","More True","More True","More True","More True"
"2023/09/26 1:47:33 pm CET","Female","21-25","Engineering","300","Once a week","More True","True","More True","More True","True","More True","More True","More True","More True","More True","True","More True","More True","More True","More True","More True","More True","More True","More True"
"2023/09/26 1:48:05 pm CET","Female","21-25","Engineering","300","Once or twice a month","More True","More True","More True","More True","More True","More True","More True","More True","More True","More True","More True","More True","More True","More True","More True","More True","More True","More True","More True"
"2023/09/26 1:48:40 pm CET","Male","21-25","Engineering","300","Once or twice a month","True","True","True","True","True","True","True","True","True","True","True","True","True","True","True","True","True","True","True"
"2023/09/26 1:49:06 pm CET","Male","21-25","Engineering","300","Hardly ever","More False","More False","More False","More False","More False","More False","More False","More False","More False","More False","More False","More False","More False","More False","More False","More False","More False","More False","More False"
"2023/09/26 1:49:41 pm CET","Female","21-25","Engineering","300","Once a week","More True","More True","More True","More True","More True","More True","More True","More True","More True","More True","More True","More True","More True","More True","More True","More True","More True","More True","More True"
"2023/09/26 1:51:31 pm CET","Male","21-25","Engineering","100","Hardly ever","More True","More True","More True","More True","More True","More True","More True","More True","More True","More True","More True","More True","More True","More True","More True","More True","More True","More True","More True"
"2023/09/26 1:51:57 pm CET","Male","21-25","Engineering","200","Hardly ever","More True","More True","More True","More True","More True","More True","More True","More True","More True","More True","More True","More True","More True","More True","More True","More True","More True","More True","More True"
"2023/09/26 1:52:23 pm CET","Male","21-25","Engineering","100","Several times a week","More True","More True","More True","More True","More True","More True","More True","More True","More True","More True","More True","More True","More True","More True","More True","More True","More True","More True","More True"
"2023/09/26 1:52:53 pm CET","Male","21-25","Engineering","200","Hardly ever","More True","More True","More True","More True","More True","More True","More True","More True","More True","More True","More True","More True","More True","More True","More True","More True","More True","More True","More True"
"2023/09/26 1:53:17 pm CET","Female","16-20","Engineering","100","Once a week","More True","More True","More True","More True","More True","More True","More True","More True","More True","More True","More True","More True","More True","More True","More True","More True","More True","More True","More True"
"2023/09/26 1:53:48 pm CET","Male","21-25","Engineering","100","Once a week","More True","More True","More True","More True","More True","More True","More True","More True","More True","More True","More True","More True","More True","More True","More True","More True","More True","More True","More True"
"2023/09/26 1:55:18 pm CET","Male","26-30","Engineering","200","Several times a week","More True","True","True","True","True","True","True","True","True","True","True","True","True","True","True","True","True","True","True"
"2023/09/26 10:48:53 pm CET","Male","21-25","Management Science","200","Once or twice a month","True","More True","True","More True","More True","More True","More True","More True","More True","True","True","True","True","True","True","True","True","True","True"
"2023/09/26 10:50:03 pm CET","Female","21-25","Management Science","200","Once or twice a month","More True","More True","More True","More True","More True","More True","More True","More True","More True","More True","More True","More True","More True","More True","More True","More True","More True","More True","More True"
"2023/09/26 10:51:06 pm CET","Female","16-20","Management Science","300","Once or twice a month","More True","More True","More True","More True","More True","More True","More True","More True","True","True","True","True","True","True","True","True","True","True","True"
"2023/09/26 10:51:56 pm CET","Male","21-25","Management Science","100","Several times a week","False","More False","True","More True","True","More False","False","More False","True","More True","True","More False","False","More False","True","More True","More True","True","More False"
"2023/09/26 10:52:35 pm CET","Female","16-20","Management Science","500","Once a week","More True","True","More False","False","More False","True","More True","True","More False","False","More False","True","More True","True","More False","False","True","True","True"
"2023/09/26 10:53:42 pm CET","Male","21-25","Management Science","400","Once a week","More True","True","True","True","True","True","True","More True","True","True","True","More True","More True","More True","True","More True","True","True","More True"
"2023/09/26 10:54:32 pm CET","Female","21-25","Management Science","200","Hardly ever","More True","True","More True","More True","More True","More True","More True","More True","More True","More True","True","More True","More True","More True","More True","More True","True","True","More True"
"2023/09/26 10:58:54 pm CET","Female","21-25","Engineering","200","Once or twice a month","More True","More True","More True","More True","More True","More True","More True","More True","More True","More True","More True","More True","More True","More True","More True","More True","More True","More True","More True"
"2023/09/26 11:00:06 pm CET","Male","16-20","Engineering","200","Once a week","More True","More True","More True","More True","More True","More True","More True","More True","More True","More True","More True","More True","More True","More True","More True","More True","More True","More True","More True"
"2023/09/26 11:01:20 pm CET","Female","21-25","Engineering","300","Once or twice a month","More True","More True","More True","True","True","True","True","True","True","True","True","True","True","True","True","True","True","True","True"
"2023/09/26 11:02:09 pm CET","Female","26-30","Engineering","400","Once a week","More True","More True","More True","More True","More True","More True","More True","More True","More True","More True","More True","More True","More True","True","True","True","True","True","True"
"2023/09/26 11:02:52 pm CET","Female","21-25","Engineering","400","Several times a week","More True","True","More True","More True","True","More True","More True","True","More True","True","More True","True","More True","True","More True","True","False","More False","True"
"2023/09/26 11:03:45 pm CET","Male","16-20","Engineering","100","Hardly ever","More True","More True","More True","More True","More True","More True","More True","More True","More True","True","True","More True","True","More True","More True","More True","More True","True","More True"
"2023/09/26 11:04:19 pm CET","Female","30 years and above","Engineering","500","Several times a week","More False","More False","More False","More False","More False","More False","More False","More False","More False","More False","More False","More False","More False","More False","More False","More False","More False","More False","More False"
"2023/09/26 11:05:50 pm CET","Female","26-30","Engineering","200","Once or twice a month","True","True","True","True","True","True","True","True","More True","More True","More True","More True","False","More False","More True","More False","False","More False","True"
"2023/09/26 11:06:04 pm CET","Female","26-30","Engineering","100","Hardly ever","More True","True","True","True","True","True","True","True","True","True","True","True","More True","True","More False","More False","More False","More False","True"
"2023/09/27 3:54:07 am CET","Male","21-25","Management Science","100","Once or twice a month","More True","More True","More True","More True","More True","More True","More True","More True","More True","More True","More True","More True","More True","More True","More True","More True","More True","More True","More True"
"2023/09/27 3:54:43 am CET","Male","21-25","Management Science","200","Once or twice a month","More True","More True","More True","More True","More True","More True","More True","More True","More True","More True","More True","More True","More True","More True","More True","More True","More True","More True","More True"
"2023/09/27 3:55:16 am CET","Male","21-25","Management Science","300","Several times a week","More True","More True","More True","More True","More True","More True","More True","More True","More True","More True","More True","More True","More True","More True","More True","More True","More True","More True","More True"
"2023/09/27 3:55:47 am CET","Female","26-30","Management Science","400","Once or twice a month","True","True","True","True","True","True","True","True","True","True","True","True","True","More True","True","More True","True","More True","True"
"2023/09/27 3:56:29 am CET","Male","21-25","Management Science","100","Once a week","More True","More True","More True","More False","More True","More True","More False","More True","More True","More True","More True","More True","More True","More True","More True","More True","More True","More True","More True"
"2023/09/27 3:57:59 am CET","Male","16-20","Management Science","100","Several times a week","More True","True","More True","True","More True","True","More True","True","More True","True","More True","True","More True","True","More True","True","More True","True","More True"
"2023/09/27 3:58:37 am CET","Female","30 years and above","Management Science","400","Once or twice a month","More True","More True","More True","More True","More True","More True","More True","More True","More True","More True","More True","More True","More True","More True","More True","More True","More True","More True","More True"
"2023/09/27 3:59:11 am CET","Male","26-30","Management Science","400","Once or twice a month","More True","More True","More True","More True","More True","More True","More True","More True","More True","More True","More True","More True","More True","More True","More True","More True","More True","More True","More True"
"2023/09/27 4:01:54 am CET","Female","16-20","Management Science","100","Hardly ever","More False","More False","True","More False","More False","More False","True","True","True","True","True","True","False","True","True","More False","True","True","More False"
"2023/09/27 4:02:44 am CET","Female","21-25","Management Science","200","Once or twice a month","More True","More True","More True","More True","More True","More True","More True","More True","More True","More True","More True","More True","More True","More True","More True","More True","More True","More True","More True"
"2023/09/27 4:03:15 am CET","Male","16-20","Management Science","300","Several times a week","More True","More True","More True","More True","More True","More True","More True","More True","More True","More True","More True","More True","More True","More True","More True","More True","More True","More True","More True"
"2023/09/27 4:04:13 am CET","Male","21-25","Management Science","400","Several times a week","More True","More True","More True","More True","More True","More True","More True","More True","More True","More True","More True","More True","More True","More True","More True","More True","More True","More True","More True"
"2023/09/27 4:05:43 am CET","Male","26-30","Management Science","400","Several times a week","More True","More True","More True","More True","More True","More True","More True","More True","More True","More True","More True","More True","More True","More True","More True","More True","More True","More True","More True"
"2023/09/27 4:06:16 am CET","Female","26-30","Management Science","300","Several times a week","More True","More True","More True","More True","More True","More True","More True","More True","More True","More True","More True","More True","More True","More True","More True","More True","More True","More True","More True"
"2023/09/27 8:39:10 am CET","Male","21-25","Management Science","300","Once or twice a month","More True","More True","More True","More True","More True","More True","More True","More True","More True","More True","More True","More True","More True","More True","More True","More True","More True","More True","More True"
"2023/09/27 8:39:49 am CET","Female","21-25","Management Science","400","Once or twice a month","More True","More True","More True","More True","More True","More True","More True","More True","More True","More True","More True","More True","More True","More True","More True","More True","More True","More True","More True"
"2023/09/27 8:41:14 am CET","Male","26-30","Management Science","300","Once or twice a month","More True","More True","More True","More True","More True","More True","More True","More True","More True","More True","More True","More True","More True","More True","More True","More True","More True","More True","More True"
"2023/09/27 8:42:23 am CET","Male","21-25","Management Science","300","Once a week","More True","More True","More True","More True","More True","More True","More True","More True","More True","More True","More True","More True","More True","More True","More True","More True","More True","More True","More True"
"2023/09/27 8:45:12 am CET","Female","21-25","Management Science","100","Hardly ever","More True","More True","True","True","True","More True","True","True","More True","True","True","More True","True","More True","True","More True","True","More True","True"
"2023/09/27 8:46:09 am CET","Male","21-25","Management Science","300","Once or twice a month","More True","More True","More True","More True","More True","More True","More True","More True","More True","True","True","True","True","True","True","True","True","True","True"
"2023/09/27 8:46:38 am CET","Male","21-25","Management Science","300","Once or twice a month","More True","More True","More True","More True","More True","More True","More True","More True","More True","More True","More True","More True","More True","More True","More True","More True","More True","More True","More True"
"2023/09/27 8:54:17 am CET","Male","21-25","Management Science","300","Once a week","More True","More True","More True","More True","More True","More True","More True","More True","More True","More True","More True","More True","More True","More True","More True","More True","More True","More True","More True"
"2023/09/27 8:54:46 am CET","Female","21-25","Management Science","200","Once or twice a month","More True","More True","More True","More True","More True","More True","More True","More True","More True","More True","More True","More True","More True","More True","More True","More True","More True","More True","More True"
"2023/09/27 8:55:51 am CET","Female","16-20","Management Science","300","Hardly ever","True","True","False","False","True","True","True","True","True","True","True","True","More True","More True","More True","True","More True","More True","More True"
"2023/09/27 8:57:17 am CET","Female","21-25","Management Science","100","Several times a week","More True","More True","True","More True","True","More True","More True","More True","More True","More True","More True","More True","More True","More True","More True","More True","More True","More True","More True"
"2023/09/27 8:58:48 am CET","Male","16-20","Management Science","100","Once a week","True","More True","More True","False","True","True","More True","More True","More True","True","True","True","More True","More True","More True","More True","More True","More True","More True"
"2023/09/27 9:00:06 am CET","Male","21-25","Management Science","100","Several times a week","More True","More True","More True","More True","More True","More True","More True","More True","True","True","True","True","More True","More True","More True","More True","More True","More True","More True"
"2023/09/27 9:01:42 am CET","Female","16-20","Management Science","200","Hardly ever","False","True","True","False","True","True","True","True","True","False","False","False","True","True","True","True","More True","More True","More True"
"2023/09/27 9:04:52 am CET","Male","21-25","Management Science","400","Once or twice a month","More True","More True","More True","More True","More True","More True","More True","More True","More True","More True","More True","More True","More True","More True","More True","More True","More True","More True","More True"
"2023/09/27 9:07:43 am CET","Male","26-30","Management Science","300","Once a week","More True","More True","More True","More True","More True","More True","More True","More True","More True","More True","More True","More True","More True","More True","More True","More True","More True","More True","More True"
"2023/09/27 10:11:05 am CET","Female","21-25","Management Science","400","Once or twice a month","More True","More True","More True","More True","More True","More True","More True","More True","More True","More True","More True","More True","More True","More True","More True","More True","More True","More True","More True"
"2023/09/27 10:13:22 am CET","Male","21-25","Management Science","300","Several times a week","More True","More True","More True","More True","More True","More True","More True","More True","More True","More True","More True","More True","More True","More True","More True","More True","More True","More True","More True"
"2023/09/27 10:17:32 am CET","Female","21-25","Management Science","300","Several times a week","More True","True","More True","True","True","True","More True","More True","More True","More True","More True","More True","More True","More True","More True","More True","More True","More True","More True"
"2023/09/27 10:18:01 am CET","Male","21-25","Management Science","400","Once or twice a month","More True","More True","More True","More True","More True","More True","More True","More True","More True","More True","More True","More True","More True","More True","More True","More True","More True","More True","More True"
"2023/09/27 10:18:28 am CET","Female","21-25","Management Science","300","Several times a week","More True","More True","More True","More True","More True","More True","More True","More True","More True","More True","More True","More True","More True","More True","More True","More True","More True","More True","More True"
"2023/09/27 10:30:36 am CET","Male","21-25","Management Science","400","Several times a week","More True","More True","More True","More True","More True","More True","More True","More True","More True","More True","More True","More True","More True","More True","More True","More True","More True","More True","More True"
"2023/09/27 10:31:02 am CET","Female","26-30","Management Science","100","Once or twice a month","More True","More True","More True","More True","More True","More True","More True","More True","More True","More True","More True","More True","More True","More True","More True","More True","More True","More True","More True"
"2023/09/27 10:34:04 am CET","Male","21-25","Management Science","200","Hardly ever","More True","More True","More True","More True","More True","More True","More True","More True","More True","More True","More True","More True","More True","More True","More True","More True","More True","More True","More True"
"2023/09/27 10:35:15 am CET","Male","26-30","Management Science","500","Once or twice a month","True","True","True","True","True","True","True","True","True","True","True","True","True","True","True","True","True","True","True"
"2023/09/27 10:36:03 am CET","Male","21-25","Management Science","300","Once or twice a month","More True","More True","More True","More True","More True","More True","More True","More True","More True","More True","More True","More True","More True","More True","More True","More True","More True","More True","More True"
"2023/09/27 10:43:50 am CET","Male","21-25","Management Science","200","Hardly ever","More True","More True","More True","More True","More True","More True","More True","More True","More True","More True","More True","More True","More True","More True","More True","More True","More True","More True","More True"
"2023/09/27 10:44:14 am CET","Female","21-25","Management Science","300","Once a week","More True","More True","More True","More True","More True","More True","More True","More True","More True","More True","More True","More True","More True","More True","More True","More True","More True","More True","More True"
"2023/09/27 10:44:40 am CET","Male","30 years and above","Management Science","400","Hardly ever","More True","More True","More True","More True","More True","More True","More True","More True","More True","More True","More True","More True","More True","More True","More True","More True","More True","More True","More True"
"2023/09/27 10:45:03 am CET","Female","26-30","Management Science","300","Several times a week","More True","More True","More True","More True","More True","More True","More True","More True","More True","More True","More True","More True","More True","More True","More True","More True","More True","More True","More True"
"2023/09/27 10:45:32 am CET","Female","26-30","Management Science","200","Several times a week","More True","More True","More True","More True","More True","More True","More True","More True","More True","More True","More True","More True","More True","More True","More True","More True","More True","More True","More True"
"2023/09/27 10:46:07 am CET","Male","26-30","Management Science","300","Several times a week","More True","More True","More True","More True","More True","More True","More True","More True","More True","More True","More True","More True","More True","More True","More True","More True","More True","More True","More True"
"2023/09/27 10:46:31 am CET","Female","26-30","Management Science","200","Once a week","More True","More True","More True","More True","More True","More True","More True","More True","More True","More True","More True","More True","More True","More True","More True","More True","More True","More True","More True"
"2023/09/27 10:46:56 am CET","Male","21-25","Management Science","300","Once or twice a month","True","True","True","True","True","True","True","True","True","True","True","True","True","True","True","True","True","True","True"
"2023/09/27 10:47:20 am CET","Male","21-25","Management Science","400","Several times a week","True","True","True","True","True","True","True","True","True","True","True","True","True","True","True","True","True","True","True"
"2023/09/27 10:47:45 am CET","Female","21-25","Management Science","100","Several times a week","More True","True","More True","True","More True","True","More True","True","True","More True","True","More True","True","More True","True","True","More True","True","True"
"2023/09/27 10:48:08 am CET","Male","26-30","Management Science","400","Several times a week","More True","More True","More True","More True","More True","More True","More True","More True","More True","More True","More True","More True","More True","More True","More True","More True","More True","More True","More True"
"2023/09/27 10:50:48 am CET","Male","21-25","Management Science","300","Once a week","More True","More True","More True","More True","More True","More True","More True","More True","More True","More True","More True","More True","More True","More True","More True","More True","More True","More True","More True"
"2023/09/27 10:51:14 am CET","Male","21-25","Education","300","Several times a week","More True","More True","More True","More True","More True","More True","More True","More True","More True","More True","More True","More True","More True","More True","More True","More True","More True","More True","More True"
"2023/09/27 10:51:54 am CET","Male","21-25","Management Science","100","Several times a week","More True","More True","More True","More True","More True","More True","More True","More True","More True","More True","More True","More True","More True","More True","More True","More True","More True","More True","More True"
"2023/09/27 10:52:23 am CET","Male","26-30","Management Science","300","Once or twice a month","More True","True","True","True","True","True","True","True","True","True","True","True","True","True","True","True","More True","True","More True"
"2023/09/27 10:53:05 am CET","Male","21-25","Management Science","100","Once a week","More True","True","More True","True","More True","True","More True","True","More True","True","More True","True","More True","True","True","True","More True","True","More True"
"2023/09/27 10:53:35 am CET","Male","21-25","Management Science","200","Once a week","More True","More True","More True","More True","More True","More True","More True","More True","More True","More True","More True","More True","More True","More True","More True","More True","More True","More True","More True"
"2023/09/27 10:54:13 am CET","Male","21-25","Management Science","300","Once a week","More True","True","More True","True","More True","True","More True","True","More True","True","More True","True","More True","True","More True","True","More True","More True","More True"
"2023/09/27 10:54:47 am CET","Male","21-25","Management Science","300","Once a week","More True","More True","More True","More True","More True","More True","More True","More True","More True","More True","More True","More True","More True","More True","More True","More True","More True","More True","More True"
"2023/09/27 10:55:31 am CET","Female","26-30","Management Science","400","Several times a week","More True","More True","More True","More True","More True","More True","More True","More True","More True","More True","More True","More True","More True","More True","More True","More True","More True","More True","More True"
"2023/09/27 10:57:38 am CET","Male","21-25","Management Science","300","Once or twice a month","More True","True","More True","True","More True","More True","True","More True","More True","True","More True","True","More True","More True","More True","More True","More True","More True","True"
"2023/09/27 10:58:13 am CET","Male","21-25","Management Science","300","Once a week","True","True","True","True","True","True","True","True","True","True","True","True","True","True","True","True","True","True","True"
"2023/09/27 10:58:37 am CET","Male","21-25","Management Science","300","Once or twice a month","More True","More True","More True","More True","More True","More True","More True","More True","More True","More True","More True","More True","More True","More True","More True","More True","More True","More True","More True"
"2023/09/27 10:59:01 am CET","Female","26-30","Management Science","100","Once a week","More True","More True","More True","More True","More True","More True","More True","More True","More True","More True","More True","More True","More True","More True","More True","More True","More True","More True","More True"
"2023/09/27 10:59:25 am CET","Female","21-25","Management Science","300","Several times a week","More True","More True","More True","More True","More True","More True","More True","More True","More True","More True","More True","More True","More True","More True","More True","More True","More True","More True","More True"
"2023/09/27 10:59:55 am CET","Male","21-25","Management Science","200","Once or twice a month","More True","More True","More True","More True","More True","More True","More True","More True","More True","More True","More True","More True","More True","More True","More True","More True","More True","More True","More True"
"2023/09/27 11:00:24 am CET","Male","30 years and above","Management Science","100","Once or twice a month","More True","More True","More True","More True","More True","More True","More True","More True","More True","More True","More True","More True","More True","More True","More True","More True","More True","More True","True"
"2023/09/27 11:02:11 am CET","Male","21-25","Management Science","200","Once a week","More True","More True","More True","More True","More True","More True","More True","More True","More True","More True","More True","More True","More True","More True","More True","More True","More True","More True","More True"